{
    "cenposcam": {
        "x": 0.0,
        "y": 0.0,
        "z": 0.0
    },
    "posx": 0.5703125,
    "posy": 0.4064814814814815,
    "r": 16.66666666666671,
    "routes": [
        {
            "destin": {
                "absolute_pos": {
                    "x": -3.503755275552391,
                    "y": 4.659268459696999,
                    "z": -0.5528578170972098
                },
                "dysondensity": 1,
                "name": 2,
                "needtoshowpos": false,
                "power": 0.004166571487998747,
                "radius": 2.162408610073738e-08,
                "teamname": "em",
                "temperature": 9290.097864999783,
                "type": 0
            },
            "origin": {
                "absolute_pos": {
                    "x": -1.0942552336566642,
                    "y": -3.0338902573865605,
                    "z": -1.1437204747578473
                },
                "dysondensity": 1,
                "name": 1,
                "needtoshowpos": false,
                "power": 144021.87483360365,
                "radius": 9.970641376330278e-09,
                "teamname": "fr",
                "temperature": 8284.868492915219,
                "type": 0
            },
            "ships": [
                {
                    "category": 0,
                    "dir": true,
                    "endtime": 11.547550334652401,
                    "fuelmess": 0.0,
                    "loadmess": 0.0,
                    "number": 1,
                    "starttime": 0.0,
                    "v": 0.7,
                    "volatilesmess": 0.0
                },
                {
                    "category": 1,
                    "dir": true,
                    "endtime": 10.10410654282085,
                    "fuelmess": 0.0,
                    "loadmess": 0.0,
                    "number": 1,
                    "starttime": 0.0,
                    "v": 0.8,
                    "volatilesmess": 0.0
                },
                {
                    "category": 2,
                    "dir": true,
                    "endtime": 8.08328523425668,
                    "fuelmess": 0.0,
                    "loadmess": 0.0,
                    "number": 1,
                    "starttime": 0.0,
                    "v": 1.0,
                    "volatilesmess": 0.0
                },
                {
                    "category": 2,
                    "dir": false,
                    "endtime": 8.08328523425668,
                    "fuelmess": 0.0,
                    "loadmess": 0.0,
                    "number": 1,
                    "starttime": 0.0,
                    "v": 1.0,
                    "volatilesmess": 0.0
                },
                {
                    "category": 1,
                    "dir": false,
                    "endtime": 10.10410654282085,
                    "fuelmess": 0.0,
                    "loadmess": 0.0,
                    "number": 1,
                    "starttime": 0.0,
                    "v": 0.8,
                    "volatilesmess": 0.0
                },
                {
                    "category": 0,
                    "dir": false,
                    "endtime": 11.547550334652401,
                    "fuelmess": 0.0,
                    "loadmess": 0.0,
                    "number": 1,
                    "starttime": 0.0,
                    "v": 0.7,
                    "volatilesmess": 0.0
                },
                {
                    "category": 0,
                    "dir": false,
                    "endtime": 18.783657786241836,
                    "fuelmess": 0.0,
                    "loadmess": 0.0,
                    "number": 1,
                    "starttime": 0.0,
                    "v": 0.43033605734540764,
                    "volatilesmess": 0.0
                }
            ],
            "show": false
        },
        {
            "destin": {
                "absolute_pos": {
                    "x": 0.5055851383927958,
                    "y": 1.1581423528991346,
                    "z": 5.224202942675679
                },
                "dysondensity": 2,
                "name": 3,
                "needtoshowpos": false,
                "power": 0.17038086712936373,
                "radius": 1.500605524094812e-08,
                "teamname": "fr",
                "temperature": 3516.407253434502,
                "type": 0
            },
            "origin": {
                "absolute_pos": {
                    "x": -3.503755275552391,
                    "y": 4.659268459696999,
                    "z": -0.5528578170972098
                },
                "dysondensity": 1,
                "name": 2,
                "needtoshowpos": false,
                "power": 0.004166571487998747,
                "radius": 2.162408610073738e-08,
                "teamname": "em",
                "temperature": 9290.097864999783,
                "type": 0
            },
            "ships": [
                {
                    "category": 0,
                    "dir": false,
                    "endtime": 11.221983308349026,
                    "fuelmess": 0.0,
                    "loadmess": 0.0,
                    "number": 1,
                    "starttime": 0.0,
                    "v": 0.7,
                    "volatilesmess": 0.0
                },
                {
                    "category": 2,
                    "dir": false,
                    "endtime": 9.969978050979936,
                    "fuelmess": 0.0,
                    "loadmess": 0.0,
                    "number": 1,
                    "starttime": 0.0,
                    "v": 0.7879042737784385,
                    "volatilesmess": 0.0
                },
                {
                    "category": 1,
                    "dir": false,
                    "endtime": 9.819235394805398,
                    "fuelmess": 0.0,
                    "loadmess": 0.0,
                    "number": 1,
                    "starttime": 0.0,
                    "v": 0.8,
                    "volatilesmess": 0.0
                },
                {
                    "category": 2,
                    "dir": false,
                    "endtime": 7.855388315844318,
                    "fuelmess": 0.0,
                    "loadmess": 0.0,
                    "number": 1,
                    "starttime": 0.0,
                    "v": 1.0,
                    "volatilesmess": 0.0
                },
                {
                    "category": 1,
                    "dir": true,
                    "endtime": 8.67975146375007,
                    "fuelmess": 0.0,
                    "loadmess": 0.0,
                    "number": 1,
                    "starttime": 0.0,
                    "v": 0.9050245676562739,
                    "volatilesmess": 0.0
                }
            ],
            "show": false
        },
        {
            "destin": {
                "absolute_pos": {
                    "x": -1.0942552336566642,
                    "y": -3.0338902573865605,
                    "z": -1.1437204747578473
                },
                "dysondensity": 1,
                "name": 1,
                "needtoshowpos": false,
                "power": 144021.87483360365,
                "radius": 9.970641376330278e-09,
                "teamname": "fr",
                "temperature": 8284.868492915219,
                "type": 0
            },
            "origin": {
                "absolute_pos": {
                    "x": -0.5001909444879411,
                    "y": 4.257265730392558,
                    "z": 1.3622925258930012
                },
                "dysondensity": 2,
                "name": 0,
                "needtoshowpos": false,
                "power": 1044.9753948224206,
                "radius": 7.598641858622578e-08,
                "teamname": "em",